{"Loss": 0.10283143259584904, "_runtime": 183, "_timestamp": 1632907759, "_step": 399, "Val Loss": 0.022703150287270546, "Acc": 28.4, "Val ACC": 0.0, "_wandb": {"runtime": 182}}